AÑO,FECHA-HORA,DIA_SEM,COMERCIALIZADOR,BARRA,ENER_ACT.,ENER_REACT,PERD_PSTR
2021,1/08/2021 0:00,Domingo,Uandaki,DONCELL1,9.93122704,3.264236472,0.15123696
2021,1/08/2021 0:00,Domingo,Uandaki,FLORENC1,13.67441025,8.113918551,0.20823975
2021,1/08/2021 0:00,Domingo,Uantioquia,AMAGA__1,11.5020814,5.091379482,0.1751586
2021,1/08/2021 0:00,Domingo,Uantioquia,ANCONSU1,26.71057005,7.906887859,0.40675995
2021,1/08/2021 0:00,Domingo,Uantioquia,ANCONSU4,18.5386109,6.68115637,0.5733591
2021,1/08/2021 0:00,Domingo,Uantioquia,ANTIOQU1,6.0117111,1.806619164,0.0915489
